,y_
0,-2.256844185018952
1,-2.153548304785707
2,-2.2269478294266465
3,-2.267425499602473
4,-2.298969234451825
5,-2.3283148877957927
6,-2.304460478406851
7,-2.1973660942065725
8,-2.1452418506299136
9,-2.2112239105661216
10,-2.2407271965655706
11,-2.1992643577244646
12,-2.154780084895372
13,-2.2752882793193874
14,-2.28312489204478
15,-2.305720941617512
16,-2.3277913919219344
17,-2.3442631536936496
18,-2.3318829031415205
19,-2.2817689916116004
20,-2.2946225131108124
21,-2.316044078553621
22,-2.3000756740112145
23,-2.3086494670593316
24,-2.3076856696524297
25,-2.3299741721423244
26,-2.281291636328736
27,-2.2886128038327236
28,-2.2844977788224483
29,-2.248194896008858
30,-2.252183724817268
31,-2.268221062552502
32,-2.2917218278269145
33,-2.3399186848926274
34,-2.270294958730377
35,-2.285075120308476
36,-2.295962918733779
37,-2.2990907418214324
38,-2.2735095680545667
39,-2.314592396481627
40,-2.280805141811495
41,-2.294379954742714
42,-2.306153021580736
43,-2.3014577967128638
44,-2.3042508277422873
45,-2.2821336017737464
46,-2.285071734206962
47,-2.244001714291361
48,-2.298835170406991
49,-2.290914621689422
50,-2.2505329411639776
51,-2.2636400351750834
52,-2.272106631728618
53,-2.2708202216977287
54,-2.286273755893469
55,-2.257049814245407
56,-2.2668222006602177
57,-2.278060362229987
58,-2.25659124297287
59,-2.2674168341091776
60,-2.307179639877211
61,-2.2659302860288557
62,-2.264896193773003
63,-2.251628990995437
64,-2.2889988493295976
65,-2.2123176922649113
66,-2.1499642352449646
67,-2.2110564268514636
68,-2.094834932087761
69,-2.156558622647165
70,-2.244767940965848
71,-2.126336358992069
72,-2.140638174539265
73,-2.1972692978353794
74,-2.2527350642643764
75,-2.2783853684204343
76,-2.286661407305447
77,-2.2859361170662766
78,-2.281595431541478
79,-2.279051002387174
80,-2.2552357133286756
81,-2.263144655048481
82,-2.2781731618731875
83,-2.278628931607192
84,-2.2629964477382667
85,-2.2466189068213236
86,-2.2849926709191966
87,-2.2707860849926536
88,-2.275112755701143
89,-2.250757815707187
90,-2.296783157082281
91,-2.2889155623480737
92,-2.265109348672799
93,-2.247603371260249
94,-2.339468963449413
95,-2.271491343282895
96,-2.2696304332092705
97,-2.2864900813209497
98,-2.2944672897348113
99,-2.2933528373106142
100,-2.24673392648488
101,-2.300150330112512
102,-2.2698444806843696
103,-2.247514190781332
104,-2.25114193093276
105,-2.272692115007439
106,-2.3201610579882894
107,-2.218880469104579
108,-2.244704468150661
109,-2.2671180064207324
110,-2.295439186104688
111,-2.259037871537277
112,-2.2730370699700346
113,-2.288934847141606
114,-2.2687426130282273
115,-2.3104864807077594
116,-2.248350551827115
117,-2.2718904636709425
118,-2.2889937030691256
119,-2.291233051894824
120,-2.278162306855576
121,-2.2969572921875447
122,-2.2896568376567084
123,-2.2876969176749395
124,-2.2710235058846906
125,-2.27870215589222
126,-2.2500431268380914
127,-2.241538031383162
128,-2.2782486480557878
129,-2.2763305467868142
130,-2.2838332929714413
131,-2.3050831203826867
132,-2.27949349576377
133,-2.295095490908367
134,-2.3025013889245276
135,-2.2810323914702026
136,-2.278597814921541
137,-2.2784406889113615
138,-2.296528561409947
139,-2.2729726166701796
140,-2.3136081517584923
141,-2.2832356191892993
142,-2.3175746214979203
143,-2.2800880877989327
144,-2.3192667601399592
145,-2.2774307816261614
146,-2.2853113338253603
147,-2.2840615439545813
148,-2.2780414960615496
149,-2.307067907781054
150,-2.250321240824995
151,-2.274762178856676
152,-2.282317359170837
153,-2.2854343376731308
154,-2.2833208037365136
155,-2.2981421784949383
156,-2.2929710347245207
157,-2.267974501432744
158,-2.266567040576958
159,-2.2601727933248688
160,-2.2777079304784276
161,-2.288478778585998
162,-2.2649587231170822
163,-2.278816286407983
164,-2.2978193245425538
165,-2.2909613081848517
166,-2.2554932758416526
167,-2.308088169313372
168,-2.2555535018544663
169,-2.282699985296335
170,-2.2800614412539058
171,-2.266594564341957
172,-2.2724976257086618
173,-2.298126239876963
174,-2.3241904873303114
175,-2.3133707122820666
176,-2.2956271797946237
177,-2.276978458801621
178,-2.296866592156217
179,-2.3064133872276216
180,-2.2793642955999482
181,-2.295062579591822
182,-2.2524637878597464
183,-2.266270497097287
184,-2.2667597284281933
185,-2.330899757831489
186,-2.2933104420663897
187,-2.2663488246585404
188,-2.227611251290961
189,-2.229343009267182
190,-2.2596378348077937
191,-2.2704368071878265
192,-2.284181336734955
193,-2.2829920487305664
194,-2.287875044401435
195,-2.3091963854676094
196,-2.2664271839969317
197,-2.285271447341819
198,-2.266576375396204
199,-2.2544255255825996
200,-2.278259453001935
201,-2.2826779606197594
202,-2.2621914922225628
203,-2.2814282422771353
204,-2.244133968188302
205,-2.2648211780491927
206,-2.283638886885898
207,-2.248511028904661
208,-2.262163933356574
209,-2.2755663329008513
210,-2.290235081283517
211,-2.2504518385007026
212,-2.2706467223618283
213,-2.2736585833801155
214,-2.267676118680012
215,-2.2699514822088616
216,-2.2558457584417475
217,-2.2524587838565413
218,-2.269235244826863
219,-2.3013528318063674
220,-2.2393325611650923
221,-2.254748964935094
222,-2.258653912966606
223,-2.238565379497138
224,-2.258300594237269
225,-2.254111696050111
226,-2.2434710077727016
227,-2.278864926229291
228,-2.2541498699799236
229,-2.260363840038682
230,-2.269777920174677
231,-2.2699860832355783
232,-2.304692752812515
233,-2.275412070092023
234,-2.2735156349114174
235,-2.245114620402906
236,-2.28341260790805
237,-2.273591497705704
238,-2.3011740087317385
239,-2.2528158300254524
240,-2.2777764796827995
241,-2.2821252309093176
242,-2.2681766469940947
243,-2.2984444356758584
244,-2.2679440145825227
245,-2.273118769559857
246,-2.2469311152275866
247,-2.281485972045092
248,-2.2703144439641405
249,-2.287842964756524
250,-2.246916247251068
251,-2.2693955064421294
252,-2.263165471538388
253,-2.276346893061607
254,-2.236130232429788
255,-2.254492585882739
256,-2.2457881680500678
257,-2.2599750014088222
258,-2.2466660559047607
259,-2.2708505430098977
260,-2.280007991087853
261,-2.266496841446858
262,-2.2680182659515964
263,-2.271989460788932
264,-2.288515340542858
265,-2.2348514833418585
266,-2.25356818143213
267,-2.2427408103811937
268,-2.2364195551279598
269,-2.2485059708579023
270,-2.2381763999475077
271,-2.248147761646208
272,-2.2384184916104157
273,-2.2785090296882187
274,-2.3568404579901037
275,-2.2931099408030176
276,-2.3227598078100096
277,-2.2579586426069937
278,-2.2674838333706844
279,-2.28032507435713
280,-2.2597217032562202
281,-2.2323742619542895
282,-2.2748824788301554
283,-2.2885366193667824
284,-2.2724400782508436
285,-2.2459385421820155
286,-2.282906413249642
287,-2.270258777955307
288,-2.2680506766775617
289,-2.2352109830044826
290,-2.2539485637015884
291,-2.2562483500788724
292,-2.271434431326683
293,-2.264572121933639
294,-2.2862568590721963
295,-2.30448243264613
296,-2.3082865904933376
297,-2.3280012722286365
298,-2.2519486134798985
299,-2.257218133950887
300,-2.2784095171921015
301,-2.2835847166458856
302,-2.255966727375803
303,-2.2948696379662845
304,-2.2867507303828476
305,-2.2884791820792163
306,-2.2734323866834893
307,-2.244821927466142
308,-2.256736995909621
309,-2.2391823377030144
310,-2.2781317102611993
311,-2.2526384613325607
312,-2.2768280949765045
313,-2.270527208499226
314,-2.2555351314630463
315,-2.286147180934723
316,-2.280946275117056
317,-2.23700807594647
318,-2.2487912659156417
319,-2.278910770431819
320,-2.302898580968198
321,-2.2959656871724676
322,-2.3279057834899226
323,-2.281373863909237
324,-2.2643028398112244
325,-2.2977796279013187
326,-2.2798532113828034
327,-2.2890594837647837
328,-2.2844000796815815
329,-2.276664397342269
330,-2.313495485283685
331,-2.2322903588787217
332,-2.2712413242932796
333,-2.2788296234834986
334,-2.268134241124137
335,-2.279552093222696
336,-2.2759072101185147
337,-2.29626194913254
338,-2.233019037004503
339,-2.2664607497669973
340,-2.29385806647163
341,-2.2953927140395076
342,-2.2742972802873562
343,-2.286090702294375
344,-2.2337501809518394
345,-2.284964986419785
346,-2.2428118340352166
347,-2.2524046030530283
348,-2.248848874221351
349,-2.2715395219767722
350,-2.2863700142442838
351,-2.284123050610605
352,-2.2738345152443733
353,-2.2796782993659193
354,-2.2921522739032114
355,-2.2771354121505416
356,-2.2795983913063265
357,-2.260916661384763
358,-2.311417079554286
359,-2.2988362390243986
360,-2.2781658363140016
361,-2.2905710312182626
362,-2.262371416407972
363,-2.2735672979876473
364,-2.2897125826510125
365,-2.274505722004505
366,-2.297422451345343
367,-2.282160633592105
368,-2.268631346465474
369,-2.2767985838687053
370,-2.2852053968907713
371,-2.3089734523192718
372,-2.2923466256191234
373,-2.2841843725710964
374,-2.273431291590716
375,-2.2388404580577994
376,-2.2834128073524855
377,-2.289686143601431
378,-2.271500245542464
379,-2.2679079719544735
380,-2.298415295091603
381,-2.2641412923821678
382,-2.2752456662140483
383,-2.2775471305545554
384,-2.2820796517450734
385,-2.291270445019473
386,-2.3090139262415814
387,-2.281723875916472
388,-2.3065349475768997
389,-2.279127725420407
390,-2.2593406696215705
391,-2.279968833125037
392,-2.2897361005605377
393,-2.288810829345054
394,-2.297278249093751
395,-2.272485823181183
396,-2.2715941624441203
397,-2.2946845773327618
398,-2.2954022626728077
399,-2.2717474023768824
400,-2.277784350976787
401,-2.3030442764665637
402,-2.3164625985765412
403,-2.2809958930104273
404,-2.2742021006749553
405,-2.320795034010384
406,-2.282991367547069
407,-2.3771662091134123
408,-2.2662990401569925
409,-2.290620133922929
410,-2.267544305412853
411,-2.2911151032677313
412,-2.2950714889639685
413,-2.2875420514199334
414,-2.2833494587900978
415,-2.281877650172154
416,-2.2541068275192293
417,-2.2725058008437635
418,-2.281974342002471
419,-2.2557413604349983
420,-2.276348742154049
421,-2.3061178553020434
422,-2.2874135724922287
423,-2.307487378596177
424,-2.2801047500108105
425,-2.282163226208379
426,-2.292220796885876
427,-2.3034705372202025
428,-2.311678074705642
429,-2.3023157247832398
430,-2.285307753920714
431,-2.2772090861570438
432,-2.2722741377801365
433,-2.2889254474688485
434,-2.29953558468468
435,-2.2943808337186997
436,-2.3006028346465035
437,-2.275415578528151
438,-2.285739471217705
439,-2.3199281451063904
440,-2.286357001886267
441,-2.281368272836633
442,-2.2916093705319978
443,-2.294449774507895
444,-2.2859067242888345
445,-2.2885226830389462
446,-2.258216347052331
447,-2.282364480421233
448,-2.2934935869422746
449,-2.289560318984433
450,-2.312118676371744
451,-2.318451089439579
452,-2.2593937447372507
453,-2.304819117585394
454,-2.310306553546658
455,-2.2613738172450555
456,-2.279255965910477
457,-2.2829731211497553
458,-2.244684731013639
459,-2.2707368724875137
460,-2.244210744067524
461,-2.3590089102236624
462,-2.272346848478701
463,-2.2773077446210195
464,-2.2571768887337424
465,-2.237608291164464
466,-2.241021569930771
467,-2.3666702119599146
468,-2.334738039444269
469,-2.260000426755797
470,-2.2444137311673558
471,-1.8922474677864143
472,-2.2516179849941755
473,-2.247675213599501
474,-2.286465715234565
475,-2.2786080903774857
476,-2.266309949561955
477,-2.2745348951614286
478,-2.261321905181649
479,-2.273266794538465
480,-2.258304847435518
481,-2.250277348893097
482,-2.2570311929807394
483,-2.243877680450076
484,-2.2548626463426484
485,-2.2518641432924733
486,-2.241575543518128
487,-2.297611804498854
488,-2.2632348906556574
489,-2.2864014528618473
490,-2.28008028335885
491,-2.2609414367525584
492,-2.2596778849441255
493,-2.268293610303955
494,-2.2671842632584793
495,-2.2591494586313523
496,-2.2572607784911365
497,-2.2929365904738828
498,-2.266523357053414
499,-2.263840755001194
500,-2.2741849219413948
501,-2.241068118054568
502,-2.240858721014184
503,-2.2688117035614424
504,-2.260668154918401
505,-2.290140408857809
506,-2.2730932771851804
507,-2.248342441423891
508,-2.2028817054460523
509,-2.2234147961054767
510,-2.2616785020254073
511,-2.240263690268837
512,-2.2264467813432276
513,-2.250299017843836
514,-2.2840342332610417
515,-2.2377129554820576
516,-2.2660215098986107
517,-2.2172614323329567
518,-2.273048275236469
519,-2.259353312811846
520,-2.2457739577685554
521,-2.2286753869847047
522,-2.2929308791850986
523,-2.2997770444931303
524,-2.2604945825360794
525,-2.2411887151363983
526,-2.259062862896323
527,-2.2317967941169394
528,-2.2812143650266634
529,-2.1804696218810578
530,-2.298568303400184
531,-2.2296106508105176
532,-2.304248674778327
533,-2.313381991282469
534,-2.3098956257914294
535,-2.2664524372161563
536,-2.287759673119206
537,-2.228807501238326
538,-2.2435805175959067
539,-2.2316935441412826
540,-2.0770819266245546
541,-2.2489864352301643
542,-2.2170953849414143
543,-2.2410025322154805
544,-2.2126745754919828
545,-2.236805767594839
546,-2.232077724906792
547,-2.2399397091196867
548,-2.1127448356746665
549,-2.2413002283392083
550,-2.3466111926672033
551,-2.304503237434455
552,-2.30214171622388
553,-2.2666390215021304
554,-2.331640506836653
555,-2.3032007391800757
556,-2.315588394174077
557,-2.311265880822275
558,-2.3044152051948372
559,-2.2973384050866983
560,-2.2904983555793996
561,-2.3100006320374455
562,-2.261105014978259
563,-2.205387431103507
564,-2.2660764281287626
565,-2.152421807383611
566,-2.00172751415884
567,-1.9981493859785138
568,-1.9780771901588452
569,-2.0135252624895905
570,-2.2247569536359233
571,-2.2441763342456897
572,-2.066093752461475
573,-2.1055756193913298
574,-2.087066214868647
575,-2.0036561005491995
576,-2.025059228469052
577,-1.926970734645505
578,-1.8916491671688338
579,-1.9893637974213862
580,-1.8933283559300451
581,-2.004216480425409
582,-2.2365373211540067
583,-2.2260232686879773
584,-2.206362906669802
585,-1.9534635974134176
586,-1.9539675492998796
587,-1.9694270510280811
588,-1.952201485868382
589,-1.9123914665476769
590,-2.219256576199665
591,-1.9212562146430394
592,-2.240265194307421
593,-1.9115086235944412
594,-1.879328821666552
595,-1.91662744218313
596,-1.9444950274100183
597,-2.213346326114541
598,-1.94002579692727
599,-2.224668987163907
600,-2.2061792807729654
601,-2.2259400783020804
602,-1.9952898766110225
603,-1.9011452747048618
604,-1.9256818232631596
605,-1.934966175424404
606,-2.2086163718171496
607,-1.9204773945755824
608,-2.2174775097480723
609,-1.9467577838612513
610,-1.9144012810553332
611,-1.9480035921489522
612,-1.969023348442051
613,-2.1471148433756024
614,-2.0933664956919547
615,-2.0999349178782967
616,-2.08365227101268
617,-2.0958973812184425
618,-2.0304352642698533
619,-2.1424936166234447
620,-2.1413493247914577
621,-1.986649222710614
622,-2.0934392158760806
623,-2.221931912443971
624,-1.9607649657921846
625,-1.981026195788586
626,-1.9033128807531112
627,-1.9468922727144917
628,-2.2265214447408628
629,-2.214831510657029
630,-2.20934219524689
631,-2.227639595415108
632,-1.9093606018638225
633,-1.895087061177841
634,-2.2370758494723657
635,-2.230301037300855
636,-2.2231612193408066
637,-2.2212790942916865
638,-1.8926732513179074
639,-1.8900858088805508
640,-1.9179986852307245
641,-1.9263105732910977
642,-1.872348579519201
643,-1.8965760592428134
644,-1.94987037388829
645,-1.9507016060818831
646,-1.9765801876245392
647,-2.228603566488942
648,-2.2356257011100107
649,-2.2314182367237385
650,-2.231873515631755
651,-1.9913194268435592
652,-2.23240226396695
653,-2.240289086236544
654,-2.2343356336486844
655,-2.227733784551089
656,-2.2401382544352213
657,-2.239449663366507
658,-2.2305060815658844
659,-2.238716207448509
660,-1.9406648450866983
661,-1.8946011689617428
662,-1.9074723036918888
663,-1.992911833647654
664,-2.04562859667907
665,-1.975838081516578
666,-1.9666959431221749
667,-1.9646420458303515
668,-1.9795355848344294
669,-1.9532813174138006
670,-2.2348996297147123
671,-2.2383895632573667
672,-2.2347293968283846
673,-2.249236456118521
674,-2.240596787599193
675,-2.233664292350457
676,-2.1445220373580334
677,-2.1590957013335825
678,-2.1429030374721334
679,-2.072491650765037
680,-2.19852261241148
681,-2.2168299040317274
682,-2.1280051019718487
683,-2.156930262544164
684,-2.083432660921114
685,-2.0825094289177457
686,-2.2406320994167026
687,-2.2729930454821123
688,-2.3181859718172757
689,-2.297107107931909
690,-2.273826044523242
691,-2.273739810279599
692,-2.2615423840808067
693,-2.3090634915770085
694,-2.3163880211616417
695,-2.285180611478615
696,-2.3037566640154656
697,-2.2897983043672383
698,-2.2935789458742235
699,-2.239662449486794
700,-2.2755097950420553
701,-2.278854260811923
702,-2.2734967023321815
703,-2.2742705996743404
704,-2.2475162092197696
705,-2.2551577798257054
706,-2.265741422549702
707,-2.2761166119342935
708,-2.2684382380821555
709,-2.266133840693211
710,-2.2888974041341936
711,-2.2523578738382177
712,-2.2512892060234972
713,-2.2838924104857354
714,-2.301333513126237
715,-2.280170462515338
716,-2.2943296431897098
717,-2.2784349157309256
718,-2.2889600824766747
719,-2.278034281256322
720,-2.292187594696894
721,-2.2902451868985008
722,-2.254245936557954
723,-2.2661398844955976
724,-2.2323603613470984
725,-1.9127679806463125
726,-1.967781964915302
727,-1.9735912206928374
728,-1.9578880301279316
729,-1.9261994125927517
730,-1.8968893435492797
731,-1.9901095253416625
732,-1.9540865717802152
733,-1.917257548189622
734,-1.935860463464565
735,-1.906463115473035
736,-1.9230250479523
737,-1.865402603570554
738,-1.9060211789788621
739,-1.9679556529113027
740,-1.8949660438852514
741,-1.9313219803420831
742,-2.2252392130380354
743,-2.2386251927322465
744,-2.246178502578016
745,-2.2389758211261013
746,-2.2271125802542224
747,-2.2249189841181494
748,-2.2332520274373175
749,-2.2321762125615985
750,-2.2368990093160614
751,-1.9402226277329973
752,-2.214718904722784
753,-2.2334146606684855
754,-2.2470707171047843
755,-2.217120817939434
756,-2.2427763817613195
757,-2.2393627673395575
758,-2.2457095874777346
759,-2.249737729108987
760,-2.2444338536769797
761,-2.249219912605392
762,-2.24449709112773
763,-2.2452295759517447
764,-2.2383464155995205
765,-2.236513122892609
766,-2.2363744057896797
767,-2.2416655053536707
768,-2.231050147360401
769,-2.2406708442409906
770,-2.2410631055249874
771,-2.2356555578122594
772,-2.246114822630183
773,-2.2376392909223544
774,-2.2421420147169977
775,-2.229495603698147
776,-2.2463388806253346
777,-2.2415783270537606
778,-2.2376477342248067
779,-2.237472287930312
780,-2.2388503736904672
781,-2.241790883614403
782,-2.2430979921753202
783,-2.248370562734985
784,-2.324529676677703
785,-2.3339449948681987
786,-2.216651407161757
787,-2.3436593788494715
788,-2.307988045617065
789,-2.2718923349924216
790,-2.241073760591644
791,-2.2316008505896217
792,-2.224087563594437
793,-2.244687601635758
794,-2.232936191348294
795,-2.245562829145734
796,-2.2419953341286116
797,-2.182573482303974
798,-2.214795449678602
799,-2.2324784308536065
800,-2.178835455942688
801,-2.1688423139661452
802,-2.1728252892172093
803,-2.2045303631254165
804,-2.1941465081947342
805,-2.2372261652431327
806,-2.236655348383601
807,-2.2340688650150136
808,-2.239017692974916
809,-2.254759793662522
810,-2.2570969183136804
811,-2.233838205556905
812,-2.2667381367955093
813,-2.2463033721550136
814,-2.2483244870596963
815,-2.2384726185375157
816,-2.2411342590336725
817,-2.296449546229528
818,-2.2807189711412503
819,-2.296331333769397
820,-2.1121239046904954
821,-2.3122258312969164
822,-2.235115226339296
823,-2.242292377877646
824,-2.3163818702083208
825,-2.2395574259856565
826,-2.24105956888699
827,-2.0867515494811575
828,-2.179172363492988
829,-2.2106073345504598
830,-2.2237655174861883
831,-2.22355993742538
832,-2.219499620960654
833,-2.2207673398933663
834,-2.2163929925898724
835,-2.202133580740773
836,-2.228808649132401
837,-2.2179278969616165
838,-2.2223294580975055
839,-2.078826480045231
840,-2.0984644240395913
841,-2.2186646698595793
842,-2.250722387372957
843,-2.264621486620253
844,-2.307719516882143
845,-2.31167647000832
846,-2.312560250288791
847,-2.3136386292878504
848,-2.294485676274561
849,-2.2462923629690117
850,-2.245246849613369
851,-2.279364245532949
852,-2.3100166101929154
853,-2.31028139738271
854,-2.3112602797815622
855,-2.3268621584394524
856,-2.2649358599203677
857,-2.296248189771929
858,-2.251776428712112
859,-2.2862240322704768
860,-2.2734268956137624
861,-2.2352637151715378
862,-2.331010173895425
863,-2.3328896558814782
864,-2.2904699220847546
865,-2.273836293663696
866,-2.241114322778891
867,-2.240673200077982
868,-2.353965245159191
869,-2.3163214030786636
870,-2.3461433227396267
871,-2.3621996351130004
872,-2.237177297503809
873,-2.240333323036383
874,-2.2426574817675218
875,-2.2278352987750774
876,-2.2507883716735115
877,-2.2401461278628143
878,-2.2495989657844615
879,-2.37666115468417
880,-2.238487716298655
881,-2.342101179550884
882,-2.319973399003075
883,-2.346141981191982
884,-2.239451258864094
885,-2.2479025856954524
886,-2.3329836644799293
887,-2.336116448934359
888,-2.286893390329656
889,-2.3200526355464985
890,-2.2619698697295085
891,-2.2625974155748967
892,-2.29778716794399
893,-2.308550554760221
894,-2.234877310330224
895,-2.2487154108234613
896,-2.244330236701458
897,-2.216120527709058
898,-2.2462634804978943
899,-2.278227086992743
900,-2.2937060441426973
901,-2.167089183131786
902,-2.243150199587958
903,-2.260363575415731
904,-2.2760034789128873
905,-2.292096153482487
906,-2.248024307445263
907,-2.2808700878007295
908,-2.2772568375090687
909,-2.2641872965325307
910,-2.2456784929270612
911,-2.2479663001420818
912,-2.2448168051591524
913,-2.2730545630922987
914,-2.331568277829536
915,-2.2371360989992692
916,-2.2070010159821782
917,-2.207320547554789
918,-2.2173632664829275
919,-2.252395126344421
920,-2.279579568513524
921,-2.2562312511459663
922,-2.249561196073987
923,-2.2666345387257403
924,-2.2324265744964795
925,-2.2259442801961096
926,-2.245085813934205
927,-2.2129887301488393
928,-2.216264173694768
929,-2.2687695048809373
930,-2.2803533831406178
931,-2.29503981664888
932,-2.2776233506237773
933,-2.2895289855166174
934,-2.2470535223399715
935,-2.2943168402466547
936,-2.329764681788764
937,-2.2917925648803266
938,-2.2850660123718263
939,-2.2994724933773605
940,-2.3103083408348555
941,-2.244806343576566
942,-2.3127675813402355
943,-2.2924981772696524
944,-2.293577611051348
945,-2.2436208614680635
946,-2.251549603328159
947,-2.2477872032250166
948,-2.2460769549087467
949,-2.240752670667866
950,-2.2451429443688826
951,-2.2341225561971902
952,-2.233706849138152
953,-2.2427899340057236
954,-2.253779989512893
955,-2.245708489714399
956,-2.240846072662263
957,-2.23839179645066
958,-2.3577103442839253
959,-2.3211194985568655
960,-2.229429306099095
961,-2.270942154343343
962,-2.2241240689394797
963,-2.269362893443244
964,-2.1556823110806813
965,-2.2395468002589456
966,-2.235817840937403
967,-2.2110697008687
968,-2.249879284104235
969,-2.231984736730918
970,-2.2449859196573065
971,-2.2288272429986002
972,-2.3081596177583674
973,-2.3040737170229844
974,-2.3281152992119636
975,-2.246995302874579
976,-2.2645760379421036
977,-2.3298808838979506
978,-2.315150941043307
979,-2.311313858961311
980,-2.30968022346429
981,-2.3067940726520164
982,-2.32072723580531
983,-2.3286762169516715
984,-2.3349834224501183
985,-2.2952825835431474
986,-2.3041570708276513
987,-2.292121959487223
988,-2.3220689732252007
989,-2.308396626663776
990,-2.308328827689785
991,-2.3417163931392873
992,-2.279646235972053
993,-2.3032396335153362
994,-2.3127221775079554
995,-2.346928609013461
996,-2.3124549189797503
997,-2.3413925499712347
998,-2.308686066323356
999,-2.346718506902863
1000,-2.303194903232693
1001,-2.3147231197196394
1002,-2.34236351740085
1003,-2.3094429786097566
1004,-2.3406763465263127
1005,-2.292201679203004
1006,-2.327897190445567
1007,-2.3331885764783515
1008,-2.3471662760122616
1009,-2.322084105181053
1010,-2.3268685913486
1011,-2.294954194047567
1012,-2.3134637110792045
1013,-2.3067563990682265
1014,-2.315605340416065
1015,-2.323351416307672
1016,-2.3358022736798016
1017,-2.303238046473288
1018,-2.2782949545363564
1019,-2.316183260835152
1020,-2.3000406190683704
1021,-2.308875095550258
1022,-2.301583139756535
1023,-2.3541839980383066
1024,-2.30094638150321
1025,-2.3060958056435688
1026,-2.3073972089780024
1027,-2.3178128210142073
1028,-2.322209646880488
1029,-2.248255115974511
1030,-2.276810687224441
1031,-2.3378543912169687
1032,-2.291529475211931
1033,-2.2915746615443355
1034,-2.313186576029417
1035,-2.301771552795945
1036,-2.3094989753639186
1037,-2.334154010226137
1038,-2.309183718703499
1039,-2.2876651331756
1040,-2.305105554634528
1041,-2.349762050434621
1042,-2.322457163566092
1043,-2.309086049082234
1044,-2.318198002149737
1045,-2.3270658817222487
1046,-2.31899910700563
1047,-2.334093784141576
1048,-2.3351504556139444
1049,-2.2954161336076817
1050,-2.292641009337339
1051,-2.2914747215404914
1052,-2.258621097876887
1053,-2.2504047411242816
1054,-2.2457636216162102
1055,-2.240536596669585
1056,-2.248139994985215
1057,-2.2649600947876505
1058,-2.266740439612583
1059,-2.296170599511481
1060,-2.3017845238627905
1061,-2.3109775895140423
1062,-2.331010759154105
1063,-2.2723486652980736
1064,-2.2947488842016863
1065,-2.287429750909427
1066,-2.288179518047241
1067,-2.285795922943105
1068,-2.2078770470530436
1069,-2.232550640290834
1070,-2.2205991491782897
1071,-2.258121993098941
1072,-2.2622349330229206
1073,-2.2543719157076776
1074,-2.263008285578837
1075,-2.2375882701373406
1076,-2.300945972337452
1077,-2.2853148675812425
1078,-2.252936240553666
1079,-2.2380754795898055
1080,-2.2646460283935412
1081,-2.2383411385533
1082,-2.2450173212000246
1083,-2.3183684599286933
1084,-2.263335759086364
1085,-2.3295373268672805
1086,-2.2078752045346093
1087,-2.1898360375833947
1088,-2.226243706518239
1089,-2.2374029302410054
1090,-2.2719226239614305
1091,-2.2642501701559636
1092,-2.316875536939209
1093,-2.2594719205223694
1094,-2.235752788523504
1095,-2.26841724880701
1096,-2.270044583425264
1097,-2.2792598852545827
1098,-2.2585989985653514
1099,-2.252542544486648
1100,-2.287138299160434
1101,-2.2830128553286246
1102,-2.274975430389435
1103,-2.279910003850106
1104,-2.2400610646066634
1105,-2.260761219315964
1106,-2.2734501594403
1107,-2.2561096242388374
1108,-2.299771578959235
1109,-2.2972935101707312
1110,-2.2575343435809683
1111,-2.2381058157887255
1112,-2.2509152315097363
1113,-2.265002822497286
1114,-2.2735149753934754
1115,-2.296343111953681
1116,-2.232734052925973
1117,-2.2689122273947575
1118,-2.2802506980095294
1119,-2.266957846833053
1120,-2.2837279523465
1121,-2.2595997908166487
1122,-2.2546325776894527
1123,-2.2716582975612822
1124,-2.2792358622388393
1125,-2.22646618841494
1126,-2.2660613441048323
1127,-2.263938820623707
1128,-2.2548800638335345
1129,-2.2497470072634904
1130,-2.2811970926574627
1131,-2.207953641157902
1132,-2.3235315515367283
1133,-2.2954736811312895
1134,-2.2918405065701304
1135,-2.2607503117676284
1136,-2.2876208860748255
1137,-2.2657607650211964
1138,-2.2823565067296534
1139,-2.29125450272691
1140,-2.2594431198253107
1141,-2.299196505402806
1142,-2.2704813579070997
1143,-2.2548448131634764
1144,-2.2690054412984892
1145,-2.2810629478287847
1146,-2.2752667357032745
1147,-2.296354547643915
1148,-2.285412137999271
1149,-2.2779592455038062
1150,-2.245071688392978
1151,-2.246781456295018
1152,-2.2428704014107836
1153,-2.2377528597488334
1154,-2.2454385628499183
1155,-2.340615415822231
1156,-2.272469210389257
1157,-2.239129289058467
1158,-2.1789615379264573
1159,-2.266284033410673
1160,-2.2900575483581647
1161,-2.2622333356102997
1162,-2.2709038552245384
1163,-2.2821510443788706
1164,-2.3015687421545477
1165,-2.305339507113821
1166,-2.3085654865388103
1167,-2.2825052913933
1168,-2.288023167203847
1169,-2.2792256906996777
1170,-2.2903612501127064
1171,-2.2818083696185543
1172,-2.275206650281995
1173,-2.272717787892817
1174,-2.268978955855122
1175,-2.286147595097818
1176,-2.2941076299171117
1177,-2.2780724575678875
1178,-2.2932223403517806
1179,-2.2382712988306994
1180,-2.3343167494467645
1181,-2.297628879679077
1182,-2.246418777506416
1183,-2.2716208022872166
1184,-2.2923353364963783
1185,-2.2590467388029283
1186,-2.2722555220035043
1187,-2.283612722633306
1188,-2.2622717651331534
1189,-2.3070981939374824
1190,-2.2689580095700936
1191,-2.2019508786782027
1192,-2.3051525095107337
1193,-2.2987300067288894
1194,-2.256557519075449
1195,-2.282795253519688
1196,-2.278615770005624
1197,-2.2503400686616652
1198,-2.248291097568431
1199,-2.28811567002941
1200,-2.2575904580548385
1201,-2.2912366750981104
1202,-2.1974201999772887
1203,-2.097817577644406
1204,-2.2912578506498305
1205,-2.2639520350950604
1206,-2.2837462035921936
1207,-2.2827467850998846
1208,-2.285204816664707
1209,-2.2852668581169935
1210,-2.277294336747033
1211,-2.2566378659648496
1212,-2.2573803060226894
1213,-2.2407747368212223
1214,-2.260763838099808
1215,-2.274887819345204
1216,-2.276840889581801
1217,-2.2680880917100157
1218,-2.2219048031633792
1219,-2.2455948165949087
1220,-2.230876772062971
1221,-2.245067982176632
1222,-2.1504482075383122
1223,-2.2464985990343123
1224,-2.259087783784442
1225,-2.290843655390259
1226,-2.2921280044203485
1227,-2.215785028561559
1228,-2.0334907141758416
1229,-2.023463113999605
1230,-2.233216480708137
1231,-1.9490941618017066
1232,-2.2352406151045656
1233,-2.002522697411977
1234,-2.0279548380672154
1235,-2.2468109472781426
1236,-1.9644107679392278
1237,-2.2416109182197506
1238,-2.2413296733280395
1239,-2.2505357882157586
1240,-2.21561626570805
1241,-2.3274552953930283
1242,-2.2399077608150066
1243,-2.288258019177264
1244,-2.2347228812059696
1245,-2.2810217479568538
1246,-2.3254223744756675
1247,-2.239972566082724
1248,-2.279565247639977
1249,-2.2883937150003586
1250,-2.25716691347319
1251,-2.2794210156834795
1252,-2.257589909360448
1253,-2.2937141557686993
1254,-2.2661435411043285
1255,-2.294070626745332
1256,-2.25001776997522
1257,-2.3012831346259968
1258,-2.285054729174666
1259,-2.2681746743465316
1260,-2.2468114204274303
1261,-2.246120248462898
1262,-2.290708392357474
1263,-2.3110066234776525
1264,-2.3079742544894186
1265,-2.2958881769724266
1266,-2.274354652072451
1267,-2.3060387220053293
1268,-2.279339125367989
1269,-2.3022139822644463
1270,-2.271199937554327
1271,-2.2827466130021374
1272,-2.286384759928434
1273,-2.265970196979633
1274,-2.261799339799161
1275,-2.310268319028324
1276,-2.2914776257705385
1277,-2.3210857036804544
1278,-2.3037668266092024
1279,-2.23700093614266
1280,-2.235573728118495
1281,-2.256697559528284
1282,-2.294154655543524
1283,-2.285680586986161
1284,-2.2988023979110364
1285,-2.313067036137128
1286,-2.245314491297725
1287,-2.2647305192136895
1288,-2.283955110193418
1289,-2.2499186828770172
1290,-2.2368643666333528
1291,-2.2578704826502087
1292,-2.258589313368754
1293,-2.262503498043536
1294,-2.261501627078558
1295,-2.2645051519377892
1296,-2.2914411483147976
1297,-2.2669697517086274
1298,-2.2528315972538917
1299,-2.3144894003727656
1300,-2.2911278473157086
1301,-2.2689985314061643
1302,-2.260245813222804
1303,-2.2659164937406175
1304,-2.2801047115235606
1305,-2.2724553463442105
1306,-2.2875321890658795
1307,-2.23464059397827
1308,-2.222710922641867
1309,-2.2372154165466003
1310,-2.248453589231353
1311,-2.2322809291003693
1312,-2.331151561801499
1313,-2.2486700397695443
1314,-2.324372012256423
1315,-2.254854370959115
1316,-2.261210276971209
1317,-2.2852815379570637
1318,-2.2912598947410263
1319,-2.300914995263051
1320,-2.296496021508295
1321,-2.29660280940487
1322,-2.2552309976388516
1323,-2.312220183775
1324,-2.2842547498943766
1325,-2.313432623972998
1326,-2.260886376606239
1327,-2.2744249798078897
1328,-2.2662293832833678
1329,-2.2904735693968923
1330,-2.2793408897767367
1331,-2.2673848573410975
1332,-2.2814188926117214
1333,-2.2582260209052336
1334,-2.268432977399388
1335,-2.261516493436443
1336,-2.270010570378666
1337,-2.199048343811934
1338,-2.2438437530871838
1339,-2.2408391993054186
1340,-2.305508607917891
1341,-2.300970866330871
1342,-2.2376276396957397
1343,-2.2693528365300004
1344,-2.258503356205284
1345,-2.274655503690772
1346,-2.2419285744668143
1347,-2.2562958636769253
1348,-2.245390953800839
1349,-2.1581973249847803
1350,-2.253051452094274
1351,-2.3097475692047396
1352,-2.2934194602844986
1353,-2.2770986415209546
1354,-2.2825023807338756
1355,-2.29289103557027
1356,-2.2883809181099313
1357,-2.268363280567826
1358,-2.3116811857982587
1359,-2.2772813907252303
1360,-2.2994872543466895
1361,-2.3189920377991418
1362,-2.2719370119080944
1363,-2.312190104071483
1364,-2.2758090167370333
1365,-2.2985499046376554
1366,-2.2485153520488312
1367,-2.211779778026367
1368,-2.3197053369388643
1369,-2.276723823064428
1370,-2.2544842055019787
1371,-2.1459795530723147
1372,-2.269191906100752
1373,-2.294594099200282
1374,-2.2852577212807357
1375,-2.186547067193273
1376,-2.2509366868296534
1377,-2.2856821880359433
1378,-2.322419748391741
1379,-2.3152058057379503
1380,-2.295176758027224
1381,-2.2817904149683153
1382,-2.2375104636865704
1383,-2.2625866797764758
1384,-2.3090992062400235
1385,-2.3012716504202078
1386,-2.248241513143801
1387,-2.260747709621655
1388,-2.2970432201540283
1389,-2.2393218617626465
1390,-2.233662917528673
1391,-2.2910139282590154
1392,-2.2302262732999303
1393,-2.243752208583452
1394,-2.3539124390335893
1395,-2.227865923710125
1396,-2.214470303741886
1397,-2.242702602579454
1398,-2.288414363041031
1399,-2.213639344626872
1400,-2.2396264634661125
1401,-2.261014065800844
1402,-2.155501747596915
1403,-2.2574160182870093
1404,-2.242004241152533
1405,-2.283699794258739
1406,-2.1777553203073685
1407,-2.2343984686887195
1408,-2.2362233834091674
1409,-2.163371132636055
1410,-2.2337803595170707
1411,-2.244065525595796
1412,-2.275877767030615
1413,-2.2400636198593924
1414,-2.2742142909570346
1415,-2.236054114601325
1416,-2.2989844508795714
1417,-2.322309771868324
1418,-2.27152013562173
1419,-2.2417454330542084
1420,-2.257253437598323
1421,-2.329174125055811
1422,-2.301586234813751
1423,-2.284176492863833
1424,-2.3015129825442853
1425,-2.2738591246814064
1426,-2.2708683017131444
1427,-2.287679941083255
1428,-2.31453795759728
1429,-2.2926958735109517
1430,-2.2342123415932242
1431,-2.2586633369723423
1432,-2.2733889432227596
1433,-2.280008055366244
1434,-2.320868895977042
1435,-2.2928661783653004
1436,-2.2684567857524742
1437,-2.2513164404987753
1438,-2.273943891828578
1439,-2.2582536036775993
1440,-2.261297769666118
1441,-2.2872446508192077
1442,-2.2380342195290077
1443,-2.263310332788096
1444,-2.2514256172101184
1445,-2.2982362842536226
1446,-2.276739867237213
1447,-2.3116933797491246
1448,-2.2670821139862607
1449,-2.2864702290971195
1450,-2.295613218265162
1451,-2.2469409877389417
1452,-2.3016915221037375
1453,-2.261948634109689
1454,-2.2733258444428976
1455,-2.267558569502914
1456,-2.2551942912854597
1457,-2.2696160542690857
1458,-2.2803776463938084
1459,-2.291025378308488
1460,-2.270454019351981
1461,-2.2954341677630565
1462,-2.3046205522701553
1463,-2.308136848908617
1464,-2.2778420470767546
1465,-2.2992701548441663
1466,-2.3127063419202094
1467,-2.277288961068764
1468,-2.316935979428062
1469,-2.2785601988451316
1470,-2.262685857220088
1471,-2.1572871520005052
1472,-2.243381132766943
1473,-2.284639430880296
1474,-2.2778326583986694
1475,-2.2890542302379364
1476,-2.27764757674578
1477,-2.272660929652667
1478,-2.2699735482779606
1479,-2.279205746663336
1480,-2.3054479518752604
1481,-2.300496910757078
1482,-2.247779290361157
1483,-2.2467365846873584
1484,-2.247294540664272
1485,-2.2924862999263813
1486,-2.2739414841842143
1487,-2.282640871948264
1488,-2.301797565140003
1489,-2.2674706596307934
1490,-2.276987255710384
1491,-2.273267722919017
1492,-2.32200766359469
1493,-2.3005966535173514
1494,-2.2674686872612146
1495,-2.269477205448423
1496,-2.2794254710781288
1497,-2.3140021518641083
1498,-2.323547452020083
1499,-2.2835241254027734
1500,-2.2703822477998075
1501,-2.26347526732862
1502,-2.2346712724202797
1503,-2.2691608583466953
1504,-2.265650541614736
1505,-2.2779866682006498
1506,-2.267398603074317
1507,-2.2569151247967505
1508,-2.2862075304620957
1509,-2.2537879633757854
1510,-2.271573708412642
1511,-2.2798764337865345
1512,-2.271694810685766
1513,-2.3018369291637244
1514,-2.3345151309665613
1515,-2.250620491724335
1516,-2.2590109007066976
1517,-2.2732548835194497
1518,-2.2704661978834055
1519,-2.264298716978306
1520,-2.3025244949844947
1521,-2.2668091304930518
1522,-2.2723960645639103
1523,-2.272041554393555
1524,-2.249313785165327
1525,-2.2389793656662182
1526,-2.242423206497029
1527,-2.257235098336573
1528,-2.2710377277371556
1529,-2.2548423828474036
1530,-2.2581149766022697
1531,-2.2291473526927477
1532,-2.219034909626031
1533,-2.2610771724416594
1534,-2.241977465219226
1535,-2.269152307937366
1536,-2.2527621307567456
1537,-2.238843396608
1538,-2.2526526289284203
1539,-2.249834106898787
1540,-2.2821659817917013
1541,-2.2885503948453896
1542,-2.2851747331402468
1543,-2.2731214922198655
1544,-2.260194388281306
1545,-2.266925746203245
1546,-2.2538266599716774
1547,-2.250260353501531
1548,-2.2615698190613767
1549,-2.28777832077012
1550,-2.2711640590285955
1551,-2.242461977880243
1552,-2.2675747054583266
1553,-2.282008412238212
1554,-2.2997256114663784
1555,-2.3214853277408722
1556,-2.2787116015005644
1557,-2.289347714961343
1558,-2.2665025475062084
1559,-2.273579633290863
1560,-2.2931080558487547
1561,-2.25114999395241
1562,-2.269548846829502
1563,-2.26730971517392
1564,-2.279937127872832
1565,-2.3051105450966327
1566,-2.2622743358713473
1567,-2.282941806857408
1568,-2.2622582774929874
1569,-2.2736273376952094
1570,-2.259138701793757
1571,-2.272341788056907
1572,-2.280091002450147
1573,-2.3050656045797258
1574,-2.333064307852525
1575,-2.2470678134130972
1576,-2.314733438361789
1577,-2.245004964503841
1578,-2.3054396468425775
1579,-2.2906099418174675
1580,-2.293802066311306
1581,-2.2946682973383816
1582,-2.277416941919359
1583,-2.2969120582024876
1584,-2.301785752859976
1585,-2.2696373212599976
1586,-2.2499444274178266
1587,-2.144997767034183
1588,-2.2339826357125103
1589,-2.274783234139439
1590,-2.282057131167048
1591,-2.2563530490599715
1592,-2.244660351149869
1593,-2.277271191577556
1594,-2.28394852716656
1595,-2.283609214030637
1596,-2.2701251296261615
1597,-2.254334635227624
1598,-2.2636126114407142
1599,-2.2649326771906417
1600,-2.245743289166437
1601,-2.246566364762799
1602,-2.060688230096453
1603,-2.2419432360122826
1604,-2.0783842513372655
1605,-2.2494418779937817
1606,-2.2368612747384113
1607,-2.2479534908137593
1608,-2.2495644371588313
1609,-2.2439241342266505
1610,-2.2429106534169945
1611,-2.234501023181381
1612,-2.24389399787557
1613,-2.2371084409551014
1614,-2.2391766622543683
1615,-2.2417305637323377
1616,-2.238569144987881
1617,-2.251062270718166
1618,-2.246168805850232
1619,-2.2414776618791925
1620,-2.2201644511062697
1621,-2.238435808482134
1622,-2.2375122521853834
1623,-2.2655234659345984
1624,-2.2435841432898633
1625,-2.2454422752718637
1626,-2.2385233103747817
1627,-2.238195760440462
1628,-2.2411770085917695
1629,-2.232562953276219
1630,-2.228583496532742
1631,-2.2414207356382825
1632,-2.2411980958883007
1633,-2.2424605018870727
1634,-2.240547085601044
1635,-2.2417670029485217
1636,-2.263334038820818
1637,-2.198621801549575
1638,-2.2059565188579353
1639,-2.2526707109600994
1640,-2.2157354868563037
1641,-2.1895536069061925
1642,-2.2989960269446565
1643,-2.1820303359310635
1644,-2.2415347863297628
1645,-2.2375739728368975
1646,-2.2463880678079517
1647,-2.2498740457628834
1648,-2.242018990615644
1649,-2.248436217448806
1650,-2.2488359298845118
1651,-2.234066920320453
1652,-2.2314550838250042
1653,-2.243611195800064
1654,-2.246107320766853
1655,-2.2827650311409684
1656,-2.2702132561482014
1657,-2.186421681628942
1658,-2.19821205352679
1659,-2.180896790602365
1660,-2.2001965611731418
1661,-2.1948034924200726
1662,-2.183561662917997
1663,-2.1827876064341436
1664,-2.1731442082165153
1665,-2.1641851493920585
1666,-2.164855949066191
1667,-2.197541910828227
1668,-2.2374853083482753
1669,-2.216203539171772
1670,-2.2431764861537746
1671,-2.183352018156516
1672,-2.2067119152368178
1673,-2.198346100195063
1674,-2.1734567266556857
1675,-2.1883410753969352
1676,-2.268394872015228
1677,-2.200647745666773
1678,-2.317217032410235
1679,-2.252679780622719
1680,-2.298419855898586
1681,-2.2911304367039858
1682,-2.263148376919503
1683,-2.2630716508782234
1684,-2.2878954500407613
1685,-2.27729120591236
1686,-2.2423390323324797
1687,-2.3374014930300366
1688,-2.2668213466529266
1689,-2.1471810718661235
1690,-2.1659877392600277
1691,-2.2318117516616565
1692,-2.2319798538394173
1693,-2.00483780584575
1694,-1.9505961156088427
1695,-2.237858207145677
1696,-2.050437852326919
1697,-2.112962151068719
1698,-2.1599004164249798
1699,-2.0046211868872654
1700,-2.0937894936613843
1701,-2.1268491210532705
1702,-1.892998367743911
1703,-1.9830273237529965
1704,-2.234979332817331
1705,-2.240908082343067
1706,-2.248124865110056
1707,-2.239097056461223
1708,-2.2325451985024114
1709,-2.241133853754428
1710,-1.9815918719022632
1711,-1.9996818710010902
1712,-1.96773978461582
1713,-2.2183552088738168
1714,-2.2178751672904555
1715,-1.9934534319761212
1716,-1.9627552026136446
1717,-2.234295353054152
1718,-2.0306353399075383
1719,-1.9430102949978876
1720,-2.2473233345346064
1721,-2.2412250443224404
1722,-2.2361114904270374
1723,-2.240407929019191
1724,-2.2369557717696633
1725,-2.2400946944106988
1726,-2.2268304755386232
1727,-2.2414359427888977
1728,-2.240130229554686
1729,-1.9314506903846589
1730,-2.2375595191543547
1731,-2.2366102153383105
1732,-1.9453217668613754
1733,-2.2281706711286944
1734,-2.249642041385066
1735,-2.241461871367547
1736,-2.254044709410943
1737,-2.231271615576539
1738,-2.2364840476236263
1739,-2.2327843265566125
1740,-2.2464605788294016
1741,-2.2393365689822153
1742,-2.2366217964608537
1743,-2.23412746733485
1744,-2.2413195679090965
1745,-2.232919043093594
1746,-2.2248379565456426
1747,-2.2395248658733027
1748,-2.2433449858822407
1749,-2.234226797115462
1750,-2.2428889028169374
1751,-2.2182506069013184
1752,-2.2296658700574277
1753,-1.9890887989950365
1754,-2.232840179297544
1755,-2.2336788148480924
1756,-2.22913139835912
1757,-2.2343751791183855
1758,-2.235533698612303
1759,-2.237846120795732
1760,-2.2469311005843577
1761,-2.242666270507395
1762,-2.2317982907479585
1763,-2.238799809160139
1764,-2.24330564933419
1765,-2.248544543604913
1766,-2.241558406387097
1767,-2.2401532083079383
1768,-2.2342584346364016
1769,-1.887976409102709
1770,-2.232281279098344
1771,-2.2287584235666693
1772,-2.22093032439285
1773,-2.2156693778584953
1774,-1.9488765555412815
1775,-2.2313333056375715
1776,-2.239917301156231
1777,-2.238879169414684
1778,-2.2454983299270665
1779,-2.236557267079454
1780,-2.2374485257077166
1781,-2.240467365827294
1782,-2.3143027606367528
1783,-2.262060554742022
1784,-2.243165825552066
1785,-1.9091958634250608
1786,-2.251026179795027
1787,-2.238835415479819
1788,-1.9129237416499043
1789,-2.2443862266340764
1790,-2.235729438729469
1791,-2.241855940288213
1792,-2.2420645560714654
1793,-2.2429678994744333
1794,-2.279001664263693
1795,-2.2161878024173305
1796,-2.2462951747296453
1797,-1.9445663644193323
1798,-2.242193566575847
1799,-2.2389823415798293
1800,-2.220060197192003
1801,-2.319191001817048
1802,-2.3254958572675943
1803,-2.2463397488282406
1804,-2.2441068299887603
1805,-2.2442366741355424
1806,-2.2434128317328965
1807,-2.251190968943244
1808,-1.9849523024789992
1809,-2.2478541730660346
1810,-2.2411602243453133
1811,-2.234314563655056
1812,-2.250307969270354
1813,-1.9980734562359028
1814,-2.254676106858713
1815,-2.232555566231593
1816,-2.2475202021283645
1817,-2.243058509722571
1818,-2.228847805389129
1819,-2.238852372842101
1820,-2.1608189601026235
1821,-2.212125358309514
1822,-2.233408391398192
1823,-2.2537837885405043
1824,-2.2376601293146092
1825,-2.2467476879121087
1826,-2.2392584738939663
1827,-2.246717365599158
1828,-2.2407623280539855
1829,-2.3286136719339714
1830,-2.386216171152375
1831,-2.2333450757926823
1832,-2.2015467478448123
1833,-2.304907943387313
1834,-2.2926995036588655
1835,-2.315066076755997
1836,-2.316073995624818
1837,-2.3215281088193453
1838,-2.245008302674828
1839,-2.2439513267161333
1840,-2.307994064822629
1841,-2.300022446060423
1842,-2.3629235617925666
1843,-2.3197453810557636
1844,-2.2552766226526084
1845,-2.278004210626336
1846,-2.1594680116237597
1847,-2.353559735826966
1848,-2.3290660183147773
1849,-2.3487781880667993
1850,-2.318191133657267
1851,-2.3209230966864838
1852,-2.3074171374178754
1853,-2.3287187632614197
1854,-2.346836388746815
1855,-2.3381060281846753
1856,-2.3077886952161335
1857,-2.337090209521102
1858,-2.342599064974145
1859,-2.2686560952172448
1860,-2.3077572567660045
1861,-2.3252202912123776
1862,-2.31494956645981
1863,-2.3444468669907614
1864,-2.2998344285722165
1865,-2.3191332652180625
1866,-2.346591131861956
1867,-2.2922422334743255
1868,-2.338867852532864
1869,-2.3530268074955694
1870,-2.365128641526521
1871,-2.3563375562219497
1872,-2.3582744182837594
1873,-2.3893773419702438
1874,-2.2461580253535884
1875,-2.2362361767514147
1876,-1.8866860745257
1877,-1.9019800697195142
1878,-2.23517037815583
1879,-2.2493639338511673
1880,-2.2393075372552804
1881,-2.243344114893167
1882,-2.233295713058342
1883,-2.2381858464269206
1884,-2.3771640446475795
1885,-2.3572946632610363
1886,-2.354991497654008
1887,-2.248763773950807
1888,-2.2374220644717875
1889,-2.249031860135827
1890,-2.2432446209103074
1891,-2.2357079977809287
1892,-2.236128592409732
1893,-2.240094969001926
1894,-2.2292283853327417
1895,-1.946300921224866
1896,-2.246213428510703
1897,-2.246943242808171
1898,-2.2505500389700015
1899,-2.247481975126699
1900,-2.25168825254709
1901,-2.2409825772030634
1902,-2.246478769775118
1903,-2.2396298367824805
1904,-2.230102278854219
1905,-2.232310530136104
1906,-2.231667901030986
1907,-2.239878131901242
1908,-1.882855184224673
1909,-2.2499658300777847
1910,-1.94188605345481
1911,-2.2444051187659815
1912,-2.2476450880417937
1913,-2.241159825882696
1914,-2.0816900489577868
1915,-1.9201815275789662
1916,-2.2365819512235183
1917,-2.2467531709197632
1918,-2.2384596466002638
1919,-2.239333473005345
1920,-2.2380121668565334
1921,-2.2444890323114977
1922,-2.2311827264440933
1923,-1.8977082755873276
1924,-2.0303095791762225
1925,-2.238937545153673
1926,-2.240138787508575
1927,-2.2428830887666087
1928,-2.236542095951641
1929,-1.912330902488745
1930,-2.240217668172501
1931,-1.9378453119362715
1932,-2.22459172668204
1933,-2.240261078439583
1934,-1.88193056103297
1935,-2.2505896536832646
1936,-2.23037562281645
1937,-2.23348019812513
1938,-2.2453085043974217
1939,-2.2299231079250803
1940,-2.2370824624516965
1941,-2.237807420994595
1942,-2.239761360242203
1943,-2.2523985798456554
1944,-2.2278115802811405
1945,-2.2438941452811547
1946,-2.2365438013053955
1947,-1.8951015964687912
1948,-2.22772343997754
1949,-2.2349387202882887
1950,-2.2329076616408896
1951,-1.9381959155629465
1952,-2.2418168202275126
1953,-2.237677445087247
1954,-2.2397762150087615
1955,-2.2421222699861953
1956,-2.248060304773169
1957,-2.2475783261328033
1958,-2.239381617610415
1959,-2.2402911665630962
1960,-1.9149896801853523
1961,-2.2566154671851595
1962,-2.2507798218416495
1963,-2.2446406604640403
1964,-2.245765160727095
1965,-2.2468114890659496
1966,-2.255027315864892
1967,-2.242027821396739
1968,-2.239646102211164
1969,-2.240351926116569
1970,-2.2376927954822468
1971,-2.2430929648702436
1972,-2.245511621545038
1973,-2.2506901926304757
1974,-2.255827575401345
1975,-2.241988170716867
1976,-2.2448863924309
1977,-2.249775881692968
1978,-2.2493609654222744
1979,-2.2785346323352624
1980,-2.3064071946566616
1981,-1.8866363900802372
1982,-2.2289193257072553
1983,-2.243866775971961
1984,-2.08235014025445
1985,-2.312436756976692
1986,-2.238590108502914
1987,-2.2381962295666815
1988,-2.29914265060032
1989,-2.2523471360217946
1990,-2.2900976618099453
1991,-2.2631830984882857
1992,-2.281724464452747
1993,-2.238971757783847
1994,-2.3015586239017702
1995,-2.286177264140392
1996,-2.2441619201037613
1997,-2.252824426995841
1998,-2.2360816605381983
1999,-2.2309993414742153
2000,-2.237739715269827
2001,-2.2469790799259806
2002,-2.234888547030627
2003,-1.9107603298051163
2004,-2.2460924951882673
2005,-2.24138166767369
2006,-2.2423394720178673
2007,-2.218218099465995
2008,-2.272301497025472
2009,-2.2477192020724472
2010,-2.243694555462735
2011,-2.245427158483795
2012,-2.304197408279937
2013,-2.238998021817575
2014,-2.3094812713577277
2015,-2.3011094528638796
2016,-2.244527330146493
2017,-2.316195937350508
2018,-2.238753269393525
2019,-2.2444167182431536
2020,-2.2449952067414043
2021,-2.2997991682634336
2022,-2.314612351488526
2023,-1.916698925598433
2024,-2.2712732126796613
2025,-2.2250270189772903
2026,-2.2792396469886906
2027,-2.206933119479369
2028,-2.219096269535138
2029,-2.2700649980279284
2030,-2.310007667962664
2031,-2.209363288712369
2032,-2.28657934117442
2033,-2.238909565964849
2034,-2.2130753719027556
2035,-2.2509598865048694
2036,-2.2369735378504636
2037,-2.2196504673465487
2038,-2.256713880385237
2039,-2.2860651861761205
2040,-2.2588441139542272
2041,-2.281257206873746
2042,-2.290902374052349
2043,-2.299859921389042
2044,-2.234177203304985
2045,-2.2402296402323896
2046,-2.246575651227729
2047,-2.220652016210077
2048,-2.2502313086101147
2049,-2.2676705468566447
2050,-2.2476414612092888
2051,-2.2459619931275445
2052,-2.250791955864773
2053,-2.2374748889998743
2054,-2.239690507642271
2055,-2.2591403199628033
2056,-2.243136862925305
2057,-2.2376789073580308
2058,-2.2441851074634256
2059,-2.243465744742085
2060,-2.2394564407254465
2061,-2.240503842463063
2062,-2.2358672096413534
2063,-2.235199472771941
2064,-2.2540594084284167
2065,-1.930301950661413
2066,-1.9195380689720383
2067,-2.236580916773962
2068,-2.246847705551447
2069,-2.2245345730674555
2070,-2.2417119567319244
2071,-2.2537362395761695
2072,-2.2425961842644666
2073,-2.2388479383384636
2074,-2.2393869350911437
2075,-2.2401776368607713
2076,-2.251802268212507
2077,-2.045441735330809
2078,-2.2311143052239966
2079,-2.240437557223599
2080,-1.9158436787035378
2081,-2.2318499282464668
2082,-2.2319527965125223
2083,-2.2393378507864723
2084,-2.233826152097641
2085,-2.2306761198178964
2086,-2.245316563768172
2087,-2.245255431755226
2088,-2.235811834760051
2089,-2.2364700088968434
2090,-2.240611740931148
2091,-2.037875045879968
2092,-1.9971829166340824
2093,-2.227857967157345
2094,-2.2254176727829127
2095,-2.2385386794868425
2096,-2.244093129517057
2097,-2.249163021755921
2098,-2.242063031946028
2099,-2.238879290658497
2100,-2.248161339791416
2101,-2.2347967041730596
2102,-2.2492986764677307
2103,-2.292324741122061
2104,-2.234174994857215
2105,-2.241104503417363
2106,-2.2460109847540255
2107,-2.250659444398795
2108,-2.2359831539119726
2109,-2.3303770587530317
2110,-2.258160702870406
2111,-2.265791283156485
2112,-2.3027710580455425
2113,-2.279113229254432
2114,-2.250470799589278
2115,-2.301661772730945
2116,-2.2754504041991517
2117,-2.252570885399197
2118,-2.273391168844374
2119,-2.3087747616311165
2120,-2.290045231158245
2121,-2.231171713211251
2122,-2.241309246500133
2123,-2.2142291242619843
2124,-2.2399536561695115
2125,-2.242403875680863
2126,-2.2431632354071827
2127,-2.2420074103749976
2128,-2.244917700366787
2129,-2.2867853082314396
2130,-2.2415513182872915
2131,-2.245643870228648
2132,-2.2406470549640067
2133,-2.243282318363364
2134,-1.923122004933034
2135,-2.0197564478380725
2136,-2.14019245830504
2137,-2.0724648440931928
2138,-2.132212409271127
2139,-1.9087364702216063
2140,-2.2451223572252115
2141,-2.2369705921712457
2142,-2.2363883596651135
2143,-2.2387315883714014
2144,-2.2350833703252326
2145,-2.2502664481028365
2146,-2.242025882735922
2147,-2.2503608297640354
2148,-2.261344398507824
2149,-2.299216293423002
2150,-2.270598306319836
2151,-2.2593327917873514
2152,-2.2697274176663043
2153,-2.3021666565428056
2154,-2.27488516873232
2155,-2.317192914821381
2156,-2.2680749120395087
2157,-2.3639774305951238
2158,-2.3193045800979055
2159,-2.31254427074786
2160,-2.3297200754974505
2161,-2.3319825152325446
2162,-2.2756913374593353
2163,-2.308142241815328
2164,-2.3315113076596843
2165,-2.0760160426331664
2166,-2.2371435826467456
2167,-2.254840705184975
2168,-2.2345498716695884
2169,-2.2434517476056364
2170,-2.2675338947077983
2171,-2.2458247188411544
2172,-2.245359987242103
2173,-2.242446319147245
2174,-2.238348233980989
2175,-2.248231007069269
2176,-2.2200218489629475
2177,-2.2339937286693834
2178,-2.24372560685904
2179,-2.2404601969823394
2180,-2.226389675087535
2181,-2.2485445690754062
2182,-2.2496867734619808
2183,-2.243998652389781
2184,-1.912523768912018
2185,-1.9630428540801617
2186,-1.9384758787112635
2187,-2.2396197447341817
2188,-2.2368458075706408
2189,-2.245252708909047
2190,-2.2106002105831593
2191,-2.2355209376041065
2192,-2.314592370101148
2193,-2.2663111598956385
2194,-2.252374251791014
2195,-2.2412159758065506
2196,-2.243948663059653
2197,-2.314552433796357
2198,-2.3040172783948356
2199,-2.2398498339518302
2200,-2.1045204918172016
2201,-2.1112895116496397
2202,-2.2233281821914646
2203,-2.248718829227974
2204,-2.2331153724303885
2205,-2.233346958363639
2206,-2.234790211853954
2207,-1.91395904327019
2208,-2.2413565689934125
2209,-2.242976402756412
2210,-2.2403454969505807
2211,-2.2432624313520075
2212,-2.242062594267228
2213,-2.243049259292847
2214,-2.244349485277091
2215,-2.243628236163244
2216,-2.2425218683348325
2217,-2.243859688371797
2218,-2.249842589518246
2219,-2.235956206742318
2220,-2.237378521464226
2221,-2.2422972883081598
2222,-2.279013552235404
2223,-2.2650547257494402
2224,-2.269865459194204
2225,-2.2721652311090383
2226,-2.232954176849087
2227,-2.240756484274449
2228,-2.2463635297634763
2229,-2.2754987558435777
2230,-2.2404921407533664
2231,-2.241410366278479
2232,-2.2491256425323853
2233,-2.2440945054395676
2234,-2.239861461495278
2235,-2.2254567771057867
2236,-2.264724666858003
2237,-2.2408640669893996
2238,-2.288055730045056
2239,-2.2522532366035803
2240,-2.2435766368245087
2241,-2.2579928776738005
2242,-2.2424832054883375
2243,-2.247505446165883
2244,-2.2363053495208165
2245,-2.228537796816046
2246,-2.189539555288743
2247,-2.2176926471277385
2248,-2.2523945970241233
2249,-2.262458678951554
2250,-2.2596367371509656
2251,-2.2699282342982734
2252,-2.272128955692832
2253,-2.2472162686839305
2254,-2.264879547521863
2255,-2.249958269873902
2256,-2.2847676433799315
2257,-2.2569854534787
2258,-2.2404132076489263
2259,-2.2457490958100728
2260,-2.298537072112634
2261,-2.2863312080745093
2262,-2.2410220188027012
2263,-2.2394655102868413
2264,-2.2633693426615555
2265,-2.2592616177873768
2266,-2.2588589215386494
2267,-2.3061504969340567
2268,-2.2784039455284546
2269,-2.2844116132346883
2270,-2.289389381007232
2271,-2.2693990315876467
2272,-2.2480754308925195
2273,-2.262287828744382
2274,-2.2107607002541654
2275,-2.2690477236352233
2276,-2.276661141696815
2277,-2.223730743473607
2278,-2.2361828197407636
2279,-2.1781902690866746
2280,-2.2493186770174445
2281,-2.2374387244718648
2282,-2.2462625375527234
2283,-2.253325067644404
2284,-2.34367100765838
2285,-2.283160351126529
2286,-2.2262317913045755
2287,-2.3057266492282036
2288,-2.2663777468628408
2289,-2.2122460233234693
2290,-2.2736713560072146
2291,-2.1966278270683497
2292,-2.205656064601872
2293,-2.2053482094617385
2294,-2.254606527167926
2295,-2.0972412919909362
2296,-2.2414171218143597
2297,-2.239950437475513
2298,-2.2378450940784953
2299,-2.2454160207435714
2300,-2.2376840143971375
2301,-2.2352055663889927
2302,-2.245737792573674
2303,-2.207014969285981
2304,-2.1938922449518294
2305,-2.24226736839657
2306,-2.3402145272247727
2307,-2.3143466192417197
2308,-2.3173272629005166
2309,-2.2516976648796665
2310,-2.233656421831716
2311,-2.2382998861985084
2312,-2.192259339714108
2313,-2.056272811953456
2314,-2.1747730823485942
2315,-2.225604296900351
2316,-2.23714990283095
2317,-2.2528204686525077
2318,-2.2406943566956814
2319,-2.245451289550637
2320,-2.239667176028481
2321,-2.250600356046
2322,-2.1897200102783647
2323,-2.279246517792371
2324,-2.1992646315311526
2325,-2.2341147017729885
2326,-2.170919980518922
2327,-2.244256450701007
2328,-2.3063852909563978
2329,-2.2536165733740736
2330,-2.2745251425557487
2331,-2.19800070323653
2332,-2.2579470913888406
2333,-2.2189858022736386
2334,-2.2450678306743996
2335,-2.2324733584337033
2336,-2.2828818939834936
2337,-2.243835055151337
2338,-2.2554283417475918
2339,-2.233331388506148
2340,-2.2339127336092326
2341,-2.2472420668987945
2342,-2.244936617113213
2343,-2.293174072421883
2344,-2.268786366287049
2345,-2.2473922634834826
2346,-2.238221674415642
2347,-2.236880360846803
2348,-2.239961711770579
2349,-2.24101788641635
2350,-2.2396644520908495
2351,-2.2463595223476065
2352,-2.2390458286876815
2353,-2.2321546044745597
2354,-2.2420799309705366
2355,-2.2432087252846933
2356,-2.2407945578563844
2357,-2.241073445313539
2358,-2.2435885125322645
2359,-2.237411269081831
2360,-2.1829201614230525
2361,-2.211036744510731
2362,-2.229035084651352
2363,-2.238889038770713
2364,-2.2802048206129677
2365,-2.30671712531086
2366,-2.2351613614459507
2367,-2.2532780334644413
2368,-2.2911498446265597
2369,-2.2760999849209753
2370,-2.260507221436544
2371,-2.2188316299120765
2372,-2.235577531769184
2373,-2.2080562707014146
2374,-2.213875930932696
2375,-2.2065241114577177
2376,-2.183542561997326
2377,-2.2122943743072105
2378,-2.3241992848118587
2379,-2.328227062089441
2380,-2.296096063349464
2381,-2.063267856389076
2382,-2.2386065131222552
2383,-2.2483812173239923
2384,-2.238228438582365
2385,-2.1903183533476684
2386,-2.2454667512762283
2387,-2.2379454994456296
2388,-2.2417193560152824
2389,-2.240735916117902
2390,-2.282440263593706
2391,-2.2962163898840218
2392,-2.286375952335029
2393,-2.2444024028748197
2394,-2.233883024635215
2395,-2.252896963005666
2396,-2.281987717266313
2397,-2.2918002415518495
2398,-2.244502849414719
2399,-2.24850920400862
2400,-2.2630874151970053
2401,-2.2445724174635444
2402,-2.2311283849108454
2403,-2.2389915254681725
2404,-2.231626627167945
2405,-2.2359429246882687
2406,-2.238066365046304
2407,-2.247763944651915
2408,-2.246865970332827
2409,-2.241871714200675
2410,-2.241888197487154
2411,-2.245964837264006
2412,-2.24120085694664
2413,-2.2498752261551953
2414,-2.24817745468406
2415,-2.238260596397502
2416,-2.307929647441936
2417,-2.2935585867878507
2418,-2.1823898016879264
2419,-2.2489923408216206
2420,-2.347192382156514
2421,-2.3194094646066956
2422,-2.1986190629867624
2423,-2.2914184196796072
2424,-2.3545499819083515
2425,-2.2022358420534154
2426,-2.28428418261569
2427,-2.279140096621008
2428,-2.3285432217588333
2429,-2.200193206451003
2430,-2.210187134846379
2431,-2.208431951165368
2432,-2.3832663954769515
2433,-2.2813416952371104
2434,-2.189409340744755
2435,-2.23884896082109
2436,-2.17102213922253
2437,-2.227616247813659
2438,-2.285582037193678
2439,-2.2612975940738878
2440,-2.2863971253587207
2441,-2.330362028889026
2442,-2.3524783016275816
2443,-2.291258625528424
2444,-2.3519755431302207
2445,-2.2737999913996507
2446,-2.2821702403060904
2447,-2.3098045473219333
2448,-2.3095829892821578
2449,-2.3201244882553036
2450,-2.2742069940594485
2451,-2.328424246986793
2452,-2.2114039571936295
2453,-2.329401579531963
2454,-2.2289561537890674
2455,-2.2162193561595624
2456,-2.2089445782191177
2457,-2.3076552128782795
2458,-2.3185279811537396
2459,-2.299710671510669
2460,-2.345864524633779
2461,-2.3081095946234735
2462,-2.3132655408861758
2463,-2.306319963873482
2464,-2.33628157809613
2465,-2.2110974292901466
2466,-2.1864124286298847
2467,-2.1462062410706992
2468,-2.2266025417576536
2469,-2.3697762416565706
2470,-2.311733751791447
2471,-2.3159155028466714
2472,-2.217444420585201
2473,-2.358159556616618
2474,-2.2141781022299543
2475,-2.217770922186307
2476,-2.219582180235977
2477,-2.218562063089952
2478,-2.2212900667123545
2479,-2.217722096782475
2480,-2.2647097155956137
2481,-2.315487139612287
2482,-2.213344186725304
2483,-2.1965273753512946
2484,-2.3207051749167604
2485,-2.2958155925592445
2486,-2.2876037257744706
2487,-2.2244829555306547
2488,-2.2308260302313543
2489,-2.2859947748542098
2490,-2.2984459578265484
2491,-2.2070582557863005
2492,-2.2898902454043872
2493,-2.2090104939530892
2494,-2.2638243177194615
2495,-2.274306166543071
2496,-2.287408383552055
2497,-2.3332955671837414
2498,-2.256214079492481
2499,-2.257088729199735
2500,-2.2980967541330273
2501,-2.3011021679006927
2502,-2.323026255013768
2503,-2.301117343354718
2504,-2.2533988832871428
2505,-2.361176518598925
2506,-2.265410771547041
2507,-2.1382399204486706
2508,-2.1342418184099152
2509,-2.074234430778573
2510,-2.171176087530016
2511,-2.3806437213956353
2512,-2.395803455510317
2513,-2.3679273278318345
2514,-2.3233585687162037
2515,-2.291309515352664
2516,-2.2991054998620237
2517,-2.298780727547709
2518,-2.3409333389626377
2519,-2.1913589849123922
2520,-2.3269307878651575
2521,-2.4027336362207183
2522,-2.3701123557703117
2523,-2.2691172287911257
2524,-2.2781705538962758
2525,-2.3080925457279857
2526,-2.295484066832448
2527,-2.323837948874738
2528,-2.3433549043694137
2529,-2.3235706567092835
2530,-2.2556908878350064
2531,-2.2642957023853
2532,-2.2585887054609173
2533,-2.263541561821024
2534,-2.319750207350221
2535,-2.3482987067026952
2536,-2.305147142139132
2537,-2.3595119312119235
2538,-2.2699524048849886
2539,-2.298953340161543
2540,-2.3217503879259382
2541,-2.304344317599345
2542,-2.3534290201723924
2543,-2.2799686141751025
2544,-2.327432717046038
2545,-2.191596656297635
2546,-2.2921349010874628
2547,-2.276023123093324
2548,-2.333793711295187
2549,-2.2736490705327506
2550,-2.2619399348811733
2551,-2.2998584779860014
2552,-2.1942340067392285
2553,-2.27105888317998
2554,-2.280536114728186
2555,-2.2074083138364755
2556,-2.264281255488276
2557,-2.159967163656643
2558,-2.194026202115096
2559,-2.284563504897279
2560,-2.288715166224423
2561,-2.2704146752756857
2562,-2.2749291630086796
2563,-2.3229692650791955
2564,-2.29572096254665
2565,-2.281470638538448
2566,-2.2847330838400683
2567,-2.2553904531808326
2568,-2.278215340814245
2569,-2.253589813786281
2570,-2.2957591346084816
2571,-2.2450362968485837
2572,-2.309524044092448
2573,-2.2995198164456268
2574,-2.2748527253033117
2575,-2.2667691392773115
2576,-2.306881601830872
2577,-2.343536001153751
2578,-2.2674712429681794
2579,-2.306160085281801
2580,-2.3199039332219167
2581,-2.315657457152599
2582,-2.1804882872454368
2583,-2.308824079559168
2584,-2.297096934931137
2585,-2.2157393828155
2586,-2.294414054228633
2587,-2.3210879014880765
2588,-2.1703850762761006
2589,-2.1802948585924704
2590,-2.340624485372814
2591,-2.2923256988780274
2592,-2.33877344255882
2593,-2.3349785637403846
2594,-2.318394508821163
2595,-2.3081904548843823
2596,-2.304948821164047
2597,-2.3002907637120087
2598,-2.361349554339851
2599,-2.3106894135241465
2600,-2.27320071135102
2601,-2.310842530995809
2602,-2.3198489646488527
2603,-2.3340422217966914
2604,-2.294649004169598
2605,-2.2718308165295027
2606,-2.2818536306203674
2607,-2.328906491481469
2608,-2.2753233767167407
2609,-2.280148790629372
2610,-2.2634278767704004
2611,-2.2740189099720216
2612,-2.2783803467837087
2613,-2.3216281697929264
2614,-2.2917898381488384
2615,-2.2810571969653184
2616,-2.24948150154849
2617,-2.318607140551868
2618,-2.30976704443695
2619,-2.2891605629397005
2620,-2.276001609705627
2621,-2.277016851787067
2622,-2.3351137049816795
2623,-2.328635086563462
2624,-2.2725834017962128
2625,-2.281077020144861
2626,-2.266694472138646
2627,-2.3559028186527637
2628,-2.296003400106473
2629,-2.2754898473465417
2630,-2.2730558996170065
2631,-2.2524892496622253
2632,-2.2638660182845523
2633,-2.312300154778102
2634,-2.2610345829274325
2635,-2.303014020925825
2636,-2.2573520501282354
2637,-2.2018355591981607
2638,-2.2933995922031976
2639,-2.261035095262783
2640,-2.3404596414419747
2641,-2.2711120282426815
2642,-2.2851053531288184
2643,-2.274317057397994
2644,-2.280268967494043
2645,-2.3228812027875305
2646,-2.3038544413405337
2647,-2.286919477525927
2648,-2.2387786849069227
2649,-2.2164790818530533
2650,-2.2478045014958443
2651,-2.3080587742524017
2652,-2.4196633941333405
2653,-2.3522600933874895
2654,-2.1966729704102437
2655,-2.283917253281209
2656,-2.3108252735415147
2657,-2.3568855846322814
2658,-2.294289936687597
2659,-2.2897458043810395
2660,-2.2647373036561462
2661,-2.308336418100832
2662,-2.0954306580047075
2663,-2.1650601638761486
2664,-2.2537972238526773
2665,-2.2291995457086315
2666,-2.249903183455777
2667,-2.2906802918630182
2668,-2.2988736626299846
2669,-2.2919847776753035
2670,-2.212977626423383
2671,-2.2024266158325196
2672,-2.2830840119613307
2673,-2.1925383335934736
2674,-2.298008846050615
2675,-2.278233452899557
2676,-2.3498149760153755
2677,-2.342404645270642
2678,-2.3233869007219297
2679,-2.3212778095810656
2680,-2.269399810952119
2681,-2.093891353053543
2682,-2.0236496575945924
2683,-2.079915710815799
2684,-2.0778592152659936
2685,-2.162305235116783
2686,-2.1062659665152195
2687,-2.179070681169149
2688,-2.0302686384716555
2689,-2.190294494705425
2690,-2.200519264663846
2691,-2.0259667228536657
2692,-2.1789160858284697
2693,-2.2601550516042126
2694,-2.1229806772282567
2695,-2.1310451306833516
2696,-2.289249529730934
2697,-2.210328852496135
2698,-2.1957039200438953
2699,-2.296557440998555
2700,-2.417318254852237
2701,-2.394097616329404
2702,-2.2891099937701345
2703,-2.389415385214776
2704,-2.347497736740734
2705,-2.1118451792123194
2706,-2.219297383479495
2707,-2.201511742417727
2708,-2.2507891372438005
2709,-2.231349696602403
2710,-2.035421812290659
2711,-2.1566425568799272
2712,-2.115432549944533
2713,-2.2670611068351603
2714,-2.313504734621124
2715,-2.3515024239366666
2716,-2.330670094874511
2717,-2.3159618688541816
2718,-2.3760253766679513
2719,-2.3002613385350257
2720,-2.1756437168872336
2721,-2.376353880189929
2722,-2.3209011357655944
2723,-2.3167500240729604
2724,-2.3347115362266693
2725,-2.293643902453052
2726,-2.322168530971375
2727,-2.3112764937364956
2728,-2.334424793547549
2729,-2.327497704408332
2730,-2.2571588547697288
2731,-2.305100181735429
2732,-2.258344957082622
2733,-2.2855352221029737
2734,-2.2786964970105905
2735,-2.212673600206138
2736,-2.3448973619980302
2737,-2.3286168773244196
2738,-2.304411574408036
2739,-2.3402844411434764
2740,-2.2771219514734984
2741,-2.2813238863028524
2742,-2.267041324453808
2743,-2.300920527732175
2744,-2.2398562417251795
2745,-2.2698977736411745
2746,-2.300558289252089
2747,-2.2093980463510583
2748,-2.266810861004077
2749,-2.2942382059461335
2750,-2.305281632272661
2751,-2.347142241205959
2752,-2.2727061634276504
2753,-2.287976494180323
2754,-2.277921808000597
2755,-2.3040963813478883
2756,-2.231830051931241
2757,-2.2770377163082123
2758,-2.295471428585992
2759,-2.300066103424073
2760,-2.3569244180416806
2761,-2.304201711532715
2762,-2.2609391342875678
2763,-2.3516209746740153
2764,-2.243315019883175
2765,-2.2574557303693834
2766,-2.3000240170192097
2767,-2.305347109003746
2768,-2.2941610680055886
2769,-2.2918121761084773
2770,-2.213902525131311
2771,-2.231867494693545
2772,-2.2126379972645562
2773,-2.2641192007831124
2774,-2.206854924974905
2775,-2.229309952799795
2776,-2.2467904220421735
2777,-2.1840385397176654
2778,-2.244914724731971
2779,-2.279007536711673
2780,-2.190551827273684
2781,-2.2554311404298635
2782,-2.2711699565312737
2783,-2.2106500652428864
2784,-2.2757643441059527
2785,-2.2430092925135834
2786,-2.268645109366771
2787,-2.272974247990532
2788,-2.3146615971796667
2789,-2.3198821612559444
2790,-2.300307097985983
2791,-2.333010877224064
2792,-2.2954065954706007
2793,-2.2650589759408013
2794,-2.2626024856024167
2795,-2.31993424290721
2796,-2.344739452089644
2797,-2.275668226686379
2798,-2.2312590759469475
2799,-2.2904016395830986
2800,-2.2913535725836374
2801,-2.1923456361174676
2802,-2.1633613380308283
2803,-2.264276467968206
2804,-2.1252738347708986
2805,-2.1571275888163775
2806,-2.2238323854234463
2807,-2.2618374024460848
2808,-2.3279013121499816
2809,-2.284948099484194
2810,-2.2686788857927254
2811,-2.254989714223882
2812,-2.269141513717273
2813,-2.2614283898908414
2814,-2.127468501677315
2815,-2.2568497509351775
2816,-2.2503226326458257
2817,-2.3150825771386767
2818,-2.3463573475077677
2819,-2.333271989023818
2820,-2.327840679578436
2821,-2.3020895238556536
2822,-2.1563909691997134
2823,-2.230446535609474
2824,-2.181296060828387
2825,-2.2775269303392083
2826,-2.2984038853567395
2827,-2.183726108611486
2828,-2.2091030656460777
2829,-2.236276263491821
2830,-2.188921196082496
2831,-2.2370141297246997
2832,-2.2883057524628527
2833,-2.1677329338887716
2834,-2.2870401708713097
2835,-2.2570438866102513
2836,-2.2949208468170634
2837,-2.302642514947648
2838,-2.2733486665781233
2839,-2.302412460333652
2840,-2.2928230557534066
2841,-2.2215741122498716
2842,-2.2860900902801857
2843,-2.2524287246952714
2844,-2.2875688539992742
2845,-2.2886133213638247
2846,-2.317515660534156
2847,-2.28951330075714
2848,-2.2190718165504535
2849,-2.2180474148572458
2850,-2.2408411203823713
2851,-2.380827388752942
2852,-2.3000205765825976
2853,-2.2573045595733823
2854,-2.275681005135082
2855,-2.2476196789333134
2856,-2.222483355779266
2857,-2.233670429245265
2858,-2.256599683560178
2859,-2.2660805268340196
2860,-2.294603853567143
2861,-2.3611603159428887
2862,-2.2862007384050136
2863,-2.321085401610903
2864,-2.3478025981407944
2865,-2.334146115388341
2866,-2.3403754324771313
2867,-2.308192430064908
2868,-2.293333038885569
2869,-2.32175208007968
2870,-2.310108008984181
2871,-2.3545097840318334
2872,-2.321069203857188
2873,-2.3492268803042626
2874,-2.3360528715256357
2875,-2.339977669621946
2876,-2.3537189631629793
2877,-2.317420247129328
2878,-2.300891075025186
2879,-2.336904584289375
2880,-2.3213674212102524
2881,-2.3438297676999955
2882,-2.3241890039251833
2883,-2.3373554131929173
2884,-2.3331122827743664
2885,-2.3314066279240953
2886,-2.3386925837943
2887,-2.3421451441486107
2888,-2.345430529981323
2889,-2.324927805315452
2890,-2.3264881010390672
2891,-2.3237593897070528
2892,-2.3485600487074856
2893,-2.3222942901041295
2894,-2.3568367330865847
2895,-2.328033466250197
2896,-2.3573797509548884
2897,-2.3277686140165104
2898,-2.312196716487052
2899,-2.332241925033759
2900,-2.323940289463334
2901,-2.329029189628361
2902,-2.3237966789045963
2903,-2.3142695576806642
2904,-2.3428211170696596
2905,-2.3466867491021746
2906,-2.3630167108905344
2907,-2.313890510079609
2908,-2.2836341130310047
2909,-2.304805944881529
2910,-2.313358187367949
2911,-2.351552426818489
2912,-2.3174500440818973
2913,-2.32620891323229
2914,-2.317421579524225
2915,-2.316478915088022
2916,-2.3362565267985955
2917,-2.3082148863363163
2918,-2.317985945416714
2919,-2.3306735380819292
2920,-2.3215989468822436
2921,-2.3393970603151755
2922,-2.3042048549603846
2923,-2.3397018815873
2924,-2.2849994539570018
2925,-2.3442659666524484
2926,-2.3206689146148447
2927,-2.313020646477781
2928,-2.3273573176310225
2929,-2.315836925405357
2930,-2.3172075604392535
2931,-2.3319996647140147
2932,-2.3420116624910827
2933,-2.3157185743937774
2934,-2.3466550075684096
2935,-2.358637110606862
2936,-2.3582134999607343
2937,-2.3044049783771454
2938,-2.314886254899033
2939,-2.3247221583564373
2940,-2.3572136535191452
2941,-2.307739206675565
2942,-2.298097568841799
2943,-2.321775593785208
2944,-2.2781497381667326
2945,-2.3042139407704116
2946,-2.278306102726483
2947,-2.30307338507098
2948,-2.2998496278383076
2949,-2.260786383452565
2950,-2.3082826778996948
2951,-2.2242283363671818
2952,-2.1723982876653274
2953,-2.1999690943650707
2954,-2.1475447746872134
2955,-2.219999682341738
2956,-2.1542883612351815
2957,-2.14247614359932
2958,-2.2491227941015373
2959,-2.2389990873320422
2960,-2.1979184476756215
2961,-2.185925304772849
2962,-2.23706172112188
2963,-1.958606034430188
2964,-2.030101568571348
2965,-1.898069794571993
2966,-1.9595709505429193
2967,-1.8631135651173687
2968,-1.9763805428314472
2969,-2.0609386142148525
